branch_id,product_id,quantity_on_hand,quantity_reserved,updated_at
BR001,PRD001,18,0,9/10/2026 14:30
BR002,PRD001,22,1,9/10/2026 14:30
BR001,PRD002,38,0,9/10/2026 14:30
BR002,PRD002,16,0,9/10/2026 14:30
BR001,PRD003,22,0,9/10/2026 14:30
BR002,PRD003,37,3,9/10/2026 14:30
BR001,PRD004,33,2,9/10/2026 14:30
BR002,PRD004,37,3,9/10/2026 14:30
BR001,PRD005,19,1,9/10/2026 14:30
BR002,PRD005,17,3,9/10/2026 14:30
BR001,PRD006,42,2,9/10/2026 14:30
BR002,PRD006,40,0,9/10/2026 14:30
BR001,PRD007,18,3,9/10/2026 14:30
BR002,PRD007,24,2,9/10/2026 14:30
BR001,PRD008,37,0,9/10/2026 14:30
BR002,PRD008,22,2,9/10/2026 14:30
BR001,PRD009,42,0,9/10/2026 14:30
BR002,PRD009,29,2,9/10/2026 14:30
BR001,PRD010,26,1,9/10/2026 14:30
BR002,PRD010,35,0,9/10/2026 14:30
BR001,PRD011,20,1,9/10/2026 14:30
BR002,PRD011,27,2,9/10/2026 14:30
BR001,PRD012,36,2,9/10/2026 14:30
BR002,PRD012,41,0,9/10/2026 14:30
BR001,PRD013,23,0,9/10/2026 14:30
BR002,PRD013,43,2,9/10/2026 14:30
BR001,PRD014,30,3,9/10/2026 14:30
BR002,PRD014,23,1,9/10/2026 14:30
BR001,PRD015,32,2,9/10/2026 14:30
BR002,PRD015,43,3,9/10/2026 14:30
BR001,PRD016,19,3,9/10/2026 14:30
BR002,PRD016,42,0,9/10/2026 14:30
BR001,PRD017,20,3,9/10/2026 14:30
BR002,PRD017,27,3,9/10/2026 14:30
BR001,PRD018,31,2,9/10/2026 14:30
BR002,PRD018,36,0,9/10/2026 14:30
BR001,PRD019,39,2,9/10/2026 14:30
BR002,PRD019,28,1,9/10/2026 14:30
BR001,PRD020,45,2,9/10/2026 14:30
BR002,PRD020,31,0,9/10/2026 14:30
BR001,PRD021,31,1,9/10/2026 14:30
BR002,PRD021,39,1,9/10/2026 14:30
BR001,PRD022,44,0,9/10/2026 14:30
BR002,PRD022,30,0,9/10/2026 14:30
BR001,PRD023,43,2,9/10/2026 14:30
BR002,PRD023,22,0,9/10/2026 14:30
BR001,PRD024,41,0,9/10/2026 14:30
BR002,PRD024,19,3,9/10/2026 14:30
BR001,PRD025,23,3,9/10/2026 14:30
BR002,PRD025,39,1,9/10/2026 14:30
BR001,PRD026,36,2,9/10/2026 14:30
BR002,PRD026,29,0,9/10/2026 14:30
BR001,PRD027,17,2,9/10/2026 14:30
BR002,PRD027,32,1,9/10/2026 14:30
BR001,PRD028,15,0,9/10/2026 14:30
BR002,PRD028,17,0,9/10/2026 14:30
BR001,PRD029,31,1,9/10/2026 14:30
BR002,PRD029,30,1,9/10/2026 14:30
BR001,PRD030,38,3,9/10/2026 14:30
BR002,PRD030,40,3,9/10/2026 14:30
BR001,PRD031,18,3,9/10/2026 14:30
BR002,PRD031,28,3,9/10/2026 14:30
BR001,PRD032,35,0,9/10/2026 14:30
BR002,PRD032,38,2,9/10/2026 14:30
BR001,PRD033,21,1,9/10/2026 14:30
BR002,PRD033,19,3,9/10/2026 14:30
BR001,PRD034,29,1,9/10/2026 14:30
BR002,PRD034,40,0,9/10/2026 14:30
BR001,PRD035,32,0,9/10/2026 14:30
BR002,PRD035,20,3,9/10/2026 14:30
BR001,PRD036,21,3,9/10/2026 14:30
BR002,PRD036,27,0,9/10/2026 14:30
BR001,PRD037,44,3,9/10/2026 14:30
BR002,PRD037,37,3,9/10/2026 14:30
BR001,PRD038,24,1,9/10/2026 14:30
BR002,PRD038,38,0,9/10/2026 14:30
BR001,PRD039,16,3,9/10/2026 14:30
BR002,PRD039,20,0,9/10/2026 14:30
BR001,PRD040,42,1,9/10/2026 14:30
BR002,PRD040,17,1,9/10/2026 14:30
BR001,PRD041,45,1,9/10/2026 14:30
BR002,PRD041,16,0,9/10/2026 14:30
BR001,PRD042,33,2,9/10/2026 14:30
BR002,PRD042,36,2,9/10/2026 14:30
BR001,PRD043,27,1,9/10/2026 14:30
BR002,PRD043,25,0,9/10/2026 14:30
BR001,PRD044,34,0,9/10/2026 14:30
BR002,PRD044,21,2,9/10/2026 14:30
BR001,PRD045,43,0,9/10/2026 14:30
BR002,PRD045,24,1,9/10/2026 14:30
BR001,PRD046,37,2,9/10/2026 14:30
BR002,PRD046,31,0,9/10/2026 14:30
BR001,PRD047,44,0,9/10/2026 14:30
BR002,PRD047,18,0,9/10/2026 14:30
BR001,PRD048,23,2,9/10/2026 14:30
BR002,PRD048,37,2,9/10/2026 14:30
BR001,PRD049,35,2,9/10/2026 14:30
BR002,PRD049,23,0,9/10/2026 14:30
BR001,PRD050,28,2,9/10/2026 14:30
BR002,PRD050,25,1,9/10/2026 14:30
BR001,PRD051,38,3,9/10/2026 14:30
BR002,PRD051,32,0,9/10/2026 14:30
BR001,PRD052,45,1,9/10/2026 14:30
BR002,PRD052,41,2,9/10/2026 14:30
BR001,PRD053,19,3,9/10/2026 14:30
BR002,PRD053,24,2,9/10/2026 14:30
BR001,PRD054,21,1,9/10/2026 14:30
BR002,PRD054,39,3,9/10/2026 14:30
BR001,PRD055,44,1,9/10/2026 14:30
BR002,PRD055,43,3,9/10/2026 14:30
BR001,PRD056,38,2,9/10/2026 14:30
BR002,PRD056,42,1,9/10/2026 14:30
BR001,PRD057,40,0,9/10/2026 14:30
BR002,PRD057,42,3,9/10/2026 14:30
BR001,PRD058,41,3,9/10/2026 14:30
BR002,PRD058,41,1,9/10/2026 14:30
BR001,PRD059,36,1,9/10/2026 14:30
BR002,PRD059,23,0,9/10/2026 14:30
BR001,PRD060,35,3,9/10/2026 14:30
BR002,PRD060,45,0,9/10/2026 14:30