price_history_id,product_id,old_price,new_price,changed_by,changed_at
PH0001,PRD003,15.81,13.81,USR002,8/10/2026 12:00
PH0002,PRD006,32.29,27.29,USR003,7/10/2026 12:00
PH0003,PRD009,10.41,12.41,USR004,6/10/2026 12:00
PH0004,PRD012,47.11,42.11,USR001,5/10/2026 12:00
PH0005,PRD015,24.05,26.05,USR002,4/10/2026 12:00
PH0006,PRD018,76.42,84.42,USR003,3/10/2026 12:00
PH0007,PRD021,46.5,41.5,USR004,2/10/2026 12:00
PH0008,PRD024,18.32,16.32,USR001,1/10/2026 12:00
PH0009,PRD027,66.74,71.74,USR002,30/9/2026 12:00
PH0010,PRD030,26.52,28.52,USR003,29/9/2026 12:00