purchase_order_item_id,purchase_order_id,product_id,ordered_quantity,unit_cost
POI0001,PO0001,PRD005,24,41.64
POI0002,PO0001,PRD014,36,49.69
POI0003,PO0002,PRD010,24,74.65
POI0004,PO0002,PRD019,36,33.83
POI0005,PO0003,PRD015,36,44.33
POI0006,PO0003,PRD024,24,21.09
POI0007,PO0004,PRD020,24,74.93
POI0008,PO0004,PRD029,36,23.14
POI0009,PO0005,PRD025,24,51.25
POI0010,PO0005,PRD034,36,35.17
POI0011,PO0006,PRD030,36,38.09
POI0012,PO0006,PRD039,12,71.92
POI0013,PO0007,PRD035,24,15.36
POI0014,PO0007,PRD044,24,57.35
POI0015,PO0008,PRD040,24,41.43
POI0016,PO0008,PRD049,36,47.67