user_id,username,password_ori,role_id,branch_id,password_hash
USR001,Sunee,Owner@123,Owner,ALL,
USR002,Kittipong,Staff@001,Staff,กรุงเทพมหานคร,
USR003,Pimchanok,Staff@002,Staff,เชียงใหม่,
USR004,Thanakorn,Staff@003,Staff,ภูเก็ต,
USR005,Natcha,Staff@004,Staff,ขอนแก่น,
USR006,Pakorn,Staff@005,Staff,ชลบุรี,
USR007,Chanakan,Staff@006,Staff,นครราชสีมา,
USR008,Phurinat,Staff@007,Staff,เชียงราย,
USR009,Siriporn,Staff@008,Staff,สงขลา,
USR010,Athicha,Staff@009,Staff,สุราษฎร์ธานี,
USR011,Woramet,Staff@010,Staff,พิษณุโลก,
USR012,Paweenuch,Staff@011,Staff,อุดรธานี,
USR013,Nattapon,Staff@012,Staff,นครปฐม,
USR014,Rattanaporn,Staff@013,Staff,ระยอง,
USR015,Teerapat,Staff@014,Staff,พระนครศรีอยุธยา,
USR016,Manatsawi,Staff@015,Staff,อุบลราชธานี,