movement_id,branch_id,product_id,batch_id,movement_type,quantity_change,reference_id,created_by,created_at
MOV00001,BR001,PRD001,BAT0001,RECEIVE,30,PO00001,USR001,4/10/2026 09:00
MOV00002,BR001,PRD001,BAT0001,SALE,-12,SALE00002,USR002,9/10/2026 13:15
MOV00003,BR002,PRD001,BAT0002,RECEIVE,27,PO00003,USR001,7/10/2026 09:00
MOV00004,BR002,PRD001,BAT0002,SALE,-5,SALE00004,USR002,9/10/2026 13:15
MOV00005,BR001,PRD002,BAT0003,RECEIVE,50,PO00005,USR001,29/9/2026 09:00
MOV00006,BR001,PRD002,BAT0003,SALE,-12,SALE00006,USR002,9/10/2026 13:15
MOV00007,BR002,PRD002,BAT0004,RECEIVE,24,PO00007,USR001,7/10/2026 09:00
MOV00008,BR002,PRD002,BAT0004,SALE,-8,SALE00008,USR002,9/10/2026 13:15
MOV00009,BR001,PRD003,BAT0005,RECEIVE,27,PO00009,USR001,30/9/2026 09:00
MOV00010,BR001,PRD003,BAT0005,SALE,-5,SALE00010,USR002,9/10/2026 13:15
MOV00011,BR002,PRD003,BAT0006,RECEIVE,42,PO00011,USR001,5/10/2026 09:00
MOV00012,BR002,PRD003,BAT0006,SALE,-5,SALE00012,USR002,9/10/2026 13:15
MOV00013,BR001,PRD004,BAT0007,RECEIVE,42,PO00013,USR001,8/10/2026 09:00
MOV00014,BR001,PRD004,BAT0007,SALE,-9,SALE00014,USR002,9/10/2026 13:15
MOV00015,BR002,PRD004,BAT0008,RECEIVE,41,PO00015,USR001,3/10/2026 09:00
MOV00016,BR002,PRD004,BAT0008,SALE,-4,SALE00016,USR002,9/10/2026 13:15
MOV00017,BR001,PRD005,BAT0009,RECEIVE,25,PO00017,USR001,3/10/2026 09:00
MOV00018,BR001,PRD005,BAT0009,SALE,-6,SALE00018,USR002,9/10/2026 13:15
MOV00019,BR002,PRD005,BAT0010,RECEIVE,20,PO00019,USR001,7/10/2026 09:00
MOV00020,BR002,PRD005,BAT0010,SALE,-3,SALE00020,USR002,9/10/2026 13:15
MOV00021,BR001,PRD006,BAT0011,RECEIVE,49,PO00021,USR001,29/9/2026 09:00
MOV00022,BR001,PRD006,BAT0011,SALE,-7,SALE00022,USR002,9/10/2026 13:15
MOV00023,BR002,PRD006,BAT0012,RECEIVE,46,PO00023,USR001,1/10/2026 09:00
MOV00024,BR002,PRD006,BAT0012,SALE,-6,SALE00024,USR002,9/10/2026 13:15
MOV00025,BR001,PRD007,BAT0013,RECEIVE,28,PO00025,USR001,7/10/2026 09:00
MOV00026,BR001,PRD007,BAT0013,SALE,-10,SALE00026,USR002,9/10/2026 13:15
MOV00027,BR002,PRD007,BAT0014,RECEIVE,34,PO00027,USR001,29/9/2026 09:00
MOV00028,BR002,PRD007,BAT0014,SALE,-10,SALE00028,USR002,9/10/2026 13:15
MOV00029,BR001,PRD008,BAT0015,RECEIVE,42,PO00029,USR001,8/10/2026 09:00
MOV00030,BR001,PRD008,BAT0015,SALE,-5,SALE00030,USR002,9/10/2026 13:15
MOV00031,BR002,PRD008,BAT0016,RECEIVE,34,PO00031,USR001,7/10/2026 09:00
MOV00032,BR002,PRD008,BAT0016,SALE,-12,SALE00032,USR002,9/10/2026 13:15
MOV00033,BR001,PRD009,BAT0017,RECEIVE,47,PO00033,USR001,2/10/2026 09:00
MOV00034,BR001,PRD009,BAT0017,SALE,-5,SALE00034,USR002,9/10/2026 13:15
MOV00035,BR002,PRD009,BAT0018,RECEIVE,35,PO00035,USR001,6/10/2026 09:00
MOV00036,BR002,PRD009,BAT0018,SALE,-6,SALE00036,USR002,9/10/2026 13:15
MOV00037,BR001,PRD010,BAT0019,RECEIVE,33,PO00037,USR001,4/10/2026 09:00
MOV00038,BR001,PRD010,BAT0019,SALE,-7,SALE00038,USR002,9/10/2026 13:15
MOV00039,BR002,PRD010,BAT0020,RECEIVE,47,PO00039,USR001,29/9/2026 09:00
MOV00040,BR002,PRD010,BAT0020,SALE,-12,SALE00040,USR002,9/10/2026 13:15
MOV00041,BR001,PRD011,BAT0021,RECEIVE,32,PO00041,USR001,6/10/2026 09:00
MOV00042,BR001,PRD011,BAT0021,SALE,-12,SALE00042,USR002,9/10/2026 13:15
MOV00043,BR002,PRD011,BAT0022,RECEIVE,36,PO00043,USR001,30/9/2026 09:00
MOV00044,BR002,PRD011,BAT0022,SALE,-9,SALE00044,USR002,9/10/2026 13:15
MOV00045,BR001,PRD012,BAT0023,RECEIVE,41,PO00045,USR001,8/10/2026 09:00
MOV00046,BR001,PRD012,BAT0023,SALE,-5,SALE00046,USR002,9/10/2026 13:15
MOV00047,BR002,PRD012,BAT0024,RECEIVE,46,PO00047,USR001,3/10/2026 09:00
MOV00048,BR002,PRD012,BAT0024,SALE,-5,SALE00048,USR002,9/10/2026 13:15
MOV00049,BR001,PRD013,BAT0025,RECEIVE,31,PO00049,USR001,5/10/2026 09:00
MOV00050,BR001,PRD013,BAT0025,SALE,-8,SALE00050,USR002,9/10/2026 13:15
MOV00051,BR002,PRD013,BAT0026,RECEIVE,54,PO00051,USR001,5/10/2026 09:00
MOV00052,BR002,PRD013,BAT0026,SALE,-11,SALE00052,USR002,9/10/2026 13:15
MOV00053,BR001,PRD014,BAT0027,RECEIVE,42,PO00053,USR001,1/10/2026 09:00
MOV00054,BR001,PRD014,BAT0027,SALE,-12,SALE00054,USR002,9/10/2026 13:15
MOV00055,BR002,PRD014,BAT0028,RECEIVE,27,PO00055,USR001,5/10/2026 09:00
MOV00056,BR002,PRD014,BAT0028,SALE,-4,SALE00056,USR002,9/10/2026 13:15
MOV00057,BR001,PRD015,BAT0029,RECEIVE,42,PO00057,USR001,29/9/2026 09:00
MOV00058,BR001,PRD015,BAT0029,SALE,-10,SALE00058,USR002,9/10/2026 13:15
MOV00059,BR002,PRD015,BAT0030,RECEIVE,51,PO00059,USR001,3/10/2026 09:00
MOV00060,BR002,PRD015,BAT0030,SALE,-8,SALE00060,USR002,9/10/2026 13:15
MOV00061,BR001,PRD016,BAT0031,RECEIVE,24,PO00061,USR001,7/10/2026 09:00
MOV00062,BR001,PRD016,BAT0031,SALE,-5,SALE00062,USR002,9/10/2026 13:15
MOV00063,BR002,PRD016,BAT0032,RECEIVE,44,PO00063,USR001,6/10/2026 09:00
MOV00064,BR002,PRD016,BAT0032,SALE,-2,SALE00064,USR002,9/10/2026 13:15
MOV00065,BR001,PRD017,BAT0033,RECEIVE,32,PO00065,USR001,29/9/2026 09:00
MOV00066,BR001,PRD017,BAT0033,SALE,-12,SALE00066,USR002,9/10/2026 13:15
MOV00067,BR002,PRD017,BAT0034,RECEIVE,30,PO00067,USR001,29/9/2026 09:00
MOV00068,BR002,PRD017,BAT0034,SALE,-3,SALE00068,USR002,9/10/2026 13:15
MOV00069,BR001,PRD018,BAT0035,RECEIVE,40,PO00069,USR001,30/9/2026 09:00
MOV00070,BR001,PRD018,BAT0035,SALE,-9,SALE00070,USR002,9/10/2026 13:15
MOV00071,BR002,PRD018,BAT0036,RECEIVE,38,PO00071,USR001,30/9/2026 09:00
MOV00072,BR002,PRD018,BAT0036,SALE,-2,SALE00072,USR002,9/10/2026 13:15
MOV00073,BR001,PRD019,BAT0037,RECEIVE,45,PO00073,USR001,7/10/2026 09:00
MOV00074,BR001,PRD019,BAT0037,SALE,-6,SALE00074,USR002,9/10/2026 13:15
MOV00075,BR002,PRD019,BAT0038,RECEIVE,34,PO00075,USR001,1/10/2026 09:00
MOV00076,BR002,PRD019,BAT0038,SALE,-6,SALE00076,USR002,9/10/2026 13:15
MOV00077,BR001,PRD020,BAT0039,RECEIVE,47,PO00077,USR001,30/9/2026 09:00
MOV00078,BR001,PRD020,BAT0039,SALE,-2,SALE00078,USR002,9/10/2026 13:15
MOV00079,BR002,PRD020,BAT0040,RECEIVE,35,PO00079,USR001,4/10/2026 09:00
MOV00080,BR002,PRD020,BAT0040,SALE,-4,SALE00080,USR002,9/10/2026 13:15
MOV00081,BR001,PRD021,BAT0041,RECEIVE,43,PO00081,USR001,6/10/2026 09:00
MOV00082,BR001,PRD021,BAT0041,SALE,-12,SALE00082,USR002,9/10/2026 13:15
MOV00083,BR002,PRD021,BAT0042,RECEIVE,46,PO00083,USR001,30/9/2026 09:00
MOV00084,BR002,PRD021,BAT0042,SALE,-7,SALE00084,USR002,9/10/2026 13:15
MOV00085,BR001,PRD022,BAT0043,RECEIVE,54,PO00085,USR001,29/9/2026 09:00
MOV00086,BR001,PRD022,BAT0043,SALE,-10,SALE00086,USR002,9/10/2026 13:15
MOV00087,BR002,PRD022,BAT0044,RECEIVE,37,PO00087,USR001,7/10/2026 09:00
MOV00088,BR002,PRD022,BAT0044,SALE,-7,SALE00088,USR002,9/10/2026 13:15
MOV00089,BR001,PRD023,BAT0045,RECEIVE,50,PO00089,USR001,5/10/2026 09:00
MOV00090,BR001,PRD023,BAT0045,SALE,-7,SALE00090,USR002,9/10/2026 13:15
MOV00091,BR002,PRD023,BAT0046,RECEIVE,24,PO00091,USR001,7/10/2026 09:00
MOV00092,BR002,PRD023,BAT0046,SALE,-2,SALE00092,USR002,9/10/2026 13:15
MOV00093,BR001,PRD024,BAT0047,RECEIVE,50,PO00093,USR001,30/9/2026 09:00
MOV00094,BR001,PRD024,BAT0047,SALE,-9,SALE00094,USR002,9/10/2026 13:15
MOV00095,BR002,PRD024,BAT0048,RECEIVE,23,PO00095,USR001,30/9/2026 09:00
MOV00096,BR002,PRD024,BAT0048,SALE,-4,SALE00096,USR002,9/10/2026 13:15
MOV00097,BR001,PRD025,BAT0049,RECEIVE,27,PO00097,USR001,5/10/2026 09:00
MOV00098,BR001,PRD025,BAT0049,SALE,-4,SALE00098,USR002,9/10/2026 13:15
MOV00099,BR002,PRD025,BAT0050,RECEIVE,49,PO00099,USR001,4/10/2026 09:00
MOV00100,BR002,PRD025,BAT0050,SALE,-10,SALE00100,USR002,9/10/2026 13:15
MOV00101,BR001,PRD026,BAT0051,RECEIVE,44,PO00101,USR001,1/10/2026 09:00
MOV00102,BR001,PRD026,BAT0051,SALE,-8,SALE00102,USR002,9/10/2026 13:15
MOV00103,BR002,PRD026,BAT0052,RECEIVE,39,PO00103,USR001,5/10/2026 09:00
MOV00104,BR002,PRD026,BAT0052,SALE,-10,SALE00104,USR002,9/10/2026 13:15
MOV00105,BR001,PRD027,BAT0053,RECEIVE,22,PO00105,USR001,8/10/2026 09:00
MOV00106,BR001,PRD027,BAT0053,SALE,-5,SALE00106,USR002,9/10/2026 13:15
MOV00107,BR002,PRD027,BAT0054,RECEIVE,43,PO00107,USR001,29/9/2026 09:00
MOV00108,BR002,PRD027,BAT0054,SALE,-11,SALE00108,USR002,9/10/2026 13:15
MOV00109,BR001,PRD028,BAT0055,RECEIVE,20,PO00109,USR001,8/10/2026 09:00
MOV00110,BR001,PRD028,BAT0055,SALE,-5,SALE00110,USR002,9/10/2026 13:15
MOV00111,BR002,PRD028,BAT0056,RECEIVE,22,PO00111,USR001,3/10/2026 09:00
MOV00112,BR002,PRD028,BAT0056,SALE,-5,SALE00112,USR002,9/10/2026 13:15
MOV00113,BR001,PRD029,BAT0057,RECEIVE,34,PO00113,USR001,4/10/2026 09:00
MOV00114,BR001,PRD029,BAT0057,SALE,-3,SALE00114,USR002,9/10/2026 13:15
MOV00115,BR002,PRD029,BAT0058,RECEIVE,42,PO00115,USR001,30/9/2026 09:00
MOV00116,BR002,PRD029,BAT0058,SALE,-12,SALE00116,USR002,9/10/2026 13:15
MOV00117,BR001,PRD030,BAT0059,RECEIVE,42,PO00117,USR001,5/10/2026 09:00
MOV00118,BR001,PRD030,BAT0059,SALE,-4,SALE00118,USR002,9/10/2026 13:15
MOV00119,BR002,PRD030,BAT0060,RECEIVE,49,PO00119,USR001,5/10/2026 09:00
MOV00120,BR002,PRD030,BAT0060,SALE,-9,SALE00120,USR002,9/10/2026 13:15
MOV00121,BR001,PRD031,BAT0061,RECEIVE,21,PO00121,USR001,3/10/2026 09:00
MOV00122,BR001,PRD031,BAT0061,SALE,-3,SALE00122,USR002,9/10/2026 13:15
MOV00123,BR002,PRD031,BAT0062,RECEIVE,36,PO00123,USR001,8/10/2026 09:00
MOV00124,BR002,PRD031,BAT0062,SALE,-8,SALE00124,USR002,9/10/2026 13:15
MOV00125,BR001,PRD032,BAT0063,RECEIVE,47,PO00125,USR001,8/10/2026 09:00
MOV00126,BR001,PRD032,BAT0063,SALE,-12,SALE00126,USR002,9/10/2026 13:15
MOV00127,BR002,PRD032,BAT0064,RECEIVE,46,PO00127,USR001,7/10/2026 09:00
MOV00128,BR002,PRD032,BAT0064,SALE,-8,SALE00128,USR002,9/10/2026 13:15
MOV00129,BR001,PRD033,BAT0065,RECEIVE,26,PO00129,USR001,30/9/2026 09:00
MOV00130,BR001,PRD033,BAT0065,SALE,-5,SALE00130,USR002,9/10/2026 13:15
MOV00131,BR002,PRD033,BAT0066,RECEIVE,28,PO00131,USR001,6/10/2026 09:00
MOV00132,BR002,PRD033,BAT0066,SALE,-9,SALE00132,USR002,9/10/2026 13:15
MOV00133,BR001,PRD034,BAT0067,RECEIVE,35,PO00133,USR001,7/10/2026 09:00
MOV00134,BR001,PRD034,BAT0067,SALE,-6,SALE00134,USR002,9/10/2026 13:15
MOV00135,BR002,PRD034,BAT0068,RECEIVE,49,PO00135,USR001,8/10/2026 09:00
MOV00136,BR002,PRD034,BAT0068,SALE,-9,SALE00136,USR002,9/10/2026 13:15
MOV00137,BR001,PRD035,BAT0069,RECEIVE,44,PO00137,USR001,7/10/2026 09:00
MOV00138,BR001,PRD035,BAT0069,SALE,-12,SALE00138,USR002,9/10/2026 13:15
MOV00139,BR002,PRD035,BAT0070,RECEIVE,25,PO00139,USR001,1/10/2026 09:00
MOV00140,BR002,PRD035,BAT0070,SALE,-5,SALE00140,USR002,9/10/2026 13:15
MOV00141,BR001,PRD036,BAT0071,RECEIVE,30,PO00141,USR001,8/10/2026 09:00
MOV00142,BR001,PRD036,BAT0071,SALE,-9,SALE00142,USR002,9/10/2026 13:15
MOV00143,BR002,PRD036,BAT0072,RECEIVE,31,PO00143,USR001,2/10/2026 09:00
MOV00144,BR002,PRD036,BAT0072,SALE,-4,SALE00144,USR002,9/10/2026 13:15
MOV00145,BR001,PRD037,BAT0073,RECEIVE,50,PO00145,USR001,4/10/2026 09:00
MOV00146,BR001,PRD037,BAT0073,SALE,-6,SALE00146,USR002,9/10/2026 13:15
MOV00147,BR002,PRD037,BAT0074,RECEIVE,45,PO00147,USR001,6/10/2026 09:00
MOV00148,BR002,PRD037,BAT0074,SALE,-8,SALE00148,USR002,9/10/2026 13:15
MOV00149,BR001,PRD038,BAT0075,RECEIVE,29,PO00149,USR001,8/10/2026 09:00
MOV00150,BR001,PRD038,BAT0075,SALE,-5,SALE00150,USR002,9/10/2026 13:15
MOV00151,BR002,PRD038,BAT0076,RECEIVE,49,PO00151,USR001,3/10/2026 09:00
MOV00152,BR002,PRD038,BAT0076,SALE,-11,SALE00152,USR002,9/10/2026 13:15
MOV00153,BR001,PRD039,BAT0077,RECEIVE,18,PO00153,USR001,30/9/2026 09:00
MOV00154,BR001,PRD039,BAT0077,SALE,-2,SALE00154,USR002,9/10/2026 13:15
MOV00155,BR002,PRD039,BAT0078,RECEIVE,30,PO00155,USR001,30/9/2026 09:00
MOV00156,BR002,PRD039,BAT0078,SALE,-10,SALE00156,USR002,9/10/2026 13:15
MOV00157,BR001,PRD040,BAT0079,RECEIVE,45,PO00157,USR001,7/10/2026 09:00
MOV00158,BR001,PRD040,BAT0079,SALE,-3,SALE00158,USR002,9/10/2026 13:15
MOV00159,BR002,PRD040,BAT0080,RECEIVE,28,PO00159,USR001,2/10/2026 09:00
MOV00160,BR002,PRD040,BAT0080,SALE,-11,SALE00160,USR002,9/10/2026 13:15
MOV00161,BR001,PRD041,BAT0081,RECEIVE,48,PO00161,USR001,29/9/2026 09:00
MOV00162,BR001,PRD041,BAT0081,SALE,-3,SALE00162,USR002,9/10/2026 13:15
MOV00163,BR002,PRD041,BAT0082,RECEIVE,27,PO00163,USR001,2/10/2026 09:00
MOV00164,BR002,PRD041,BAT0082,SALE,-11,SALE00164,USR002,9/10/2026 13:15
MOV00165,BR001,PRD042,BAT0083,RECEIVE,45,PO00165,USR001,4/10/2026 09:00
MOV00166,BR001,PRD042,BAT0083,SALE,-12,SALE00166,USR002,9/10/2026 13:15
MOV00167,BR002,PRD042,BAT0084,RECEIVE,41,PO00167,USR001,5/10/2026 09:00
MOV00168,BR002,PRD042,BAT0084,SALE,-5,SALE00168,USR002,9/10/2026 13:15
MOV00169,BR001,PRD043,BAT0085,RECEIVE,33,PO00169,USR001,4/10/2026 09:00
MOV00170,BR001,PRD043,BAT0085,SALE,-6,SALE00170,USR002,9/10/2026 13:15
MOV00171,BR002,PRD043,BAT0086,RECEIVE,34,PO00171,USR001,8/10/2026 09:00
MOV00172,BR002,PRD043,BAT0086,SALE,-9,SALE00172,USR002,9/10/2026 13:15
MOV00173,BR001,PRD044,BAT0087,RECEIVE,43,PO00173,USR001,7/10/2026 09:00
MOV00174,BR001,PRD044,BAT0087,SALE,-9,SALE00174,USR002,9/10/2026 13:15
MOV00175,BR002,PRD044,BAT0088,RECEIVE,31,PO00175,USR001,6/10/2026 09:00
MOV00176,BR002,PRD044,BAT0088,SALE,-10,SALE00176,USR002,9/10/2026 13:15
MOV00177,BR001,PRD045,BAT0089,RECEIVE,50,PO00177,USR001,5/10/2026 09:00
MOV00178,BR001,PRD045,BAT0089,SALE,-7,SALE00178,USR002,9/10/2026 13:15
MOV00179,BR002,PRD045,BAT0090,RECEIVE,31,PO00179,USR001,1/10/2026 09:00
MOV00180,BR002,PRD045,BAT0090,SALE,-7,SALE00180,USR002,9/10/2026 13:15
MOV00181,BR001,PRD046,BAT0091,RECEIVE,47,PO00181,USR001,29/9/2026 09:00
MOV00182,BR001,PRD046,BAT0091,SALE,-10,SALE00182,USR002,9/10/2026 13:15
MOV00183,BR002,PRD046,BAT0092,RECEIVE,43,PO00183,USR001,30/9/2026 09:00
MOV00184,BR002,PRD046,BAT0092,SALE,-12,SALE00184,USR002,9/10/2026 13:15
MOV00185,BR001,PRD047,BAT0093,RECEIVE,50,PO00185,USR001,6/10/2026 09:00
MOV00186,BR001,PRD047,BAT0093,SALE,-6,SALE00186,USR002,9/10/2026 13:15
MOV00187,BR002,PRD047,BAT0094,RECEIVE,24,PO00187,USR001,30/9/2026 09:00
MOV00188,BR002,PRD047,BAT0094,SALE,-6,SALE00188,USR002,9/10/2026 13:15
MOV00189,BR001,PRD048,BAT0095,RECEIVE,27,PO00189,USR001,29/9/2026 09:00
MOV00190,BR001,PRD048,BAT0095,SALE,-4,SALE00190,USR002,9/10/2026 13:15
MOV00191,BR002,PRD048,BAT0096,RECEIVE,42,PO00191,USR001,5/10/2026 09:00
MOV00192,BR002,PRD048,BAT0096,SALE,-5,SALE00192,USR002,9/10/2026 13:15
MOV00193,BR001,PRD049,BAT0097,RECEIVE,47,PO00193,USR001,30/9/2026 09:00
MOV00194,BR001,PRD049,BAT0097,SALE,-12,SALE00194,USR002,9/10/2026 13:15
MOV00195,BR002,PRD049,BAT0098,RECEIVE,32,PO00195,USR001,7/10/2026 09:00
MOV00196,BR002,PRD049,BAT0098,SALE,-9,SALE00196,USR002,9/10/2026 13:15
MOV00197,BR001,PRD050,BAT0099,RECEIVE,40,PO00197,USR001,8/10/2026 09:00
MOV00198,BR001,PRD050,BAT0099,SALE,-12,SALE00198,USR002,9/10/2026 13:15
MOV00199,BR002,PRD050,BAT0100,RECEIVE,27,PO00199,USR001,4/10/2026 09:00
MOV00200,BR002,PRD050,BAT0100,SALE,-2,SALE00200,USR002,9/10/2026 13:15
MOV00201,BR001,PRD051,BAT0101,RECEIVE,42,PO00201,USR001,30/9/2026 09:00
MOV00202,BR001,PRD051,BAT0101,SALE,-4,SALE00202,USR002,9/10/2026 13:15
MOV00203,BR002,PRD051,BAT0102,RECEIVE,40,PO00203,USR001,7/10/2026 09:00
MOV00204,BR002,PRD051,BAT0102,SALE,-8,SALE00204,USR002,9/10/2026 13:15
MOV00205,BR001,PRD052,BAT0103,RECEIVE,48,PO00205,USR001,30/9/2026 09:00
MOV00206,BR001,PRD052,BAT0103,SALE,-3,SALE00206,USR002,9/10/2026 13:15
MOV00207,BR002,PRD052,BAT0104,RECEIVE,43,PO00207,USR001,29/9/2026 09:00
MOV00208,BR002,PRD052,BAT0104,SALE,-2,SALE00208,USR002,9/10/2026 13:15
MOV00209,BR001,PRD053,BAT0105,RECEIVE,29,PO00209,USR001,6/10/2026 09:00
MOV00210,BR001,PRD053,BAT0105,SALE,-10,SALE00210,USR002,9/10/2026 13:15
MOV00211,BR002,PRD053,BAT0106,RECEIVE,26,PO00211,USR001,8/10/2026 09:00
MOV00212,BR002,PRD053,BAT0106,SALE,-2,SALE00212,USR002,9/10/2026 13:15
MOV00213,BR001,PRD054,BAT0107,RECEIVE,28,PO00213,USR001,7/10/2026 09:00
MOV00214,BR001,PRD054,BAT0107,SALE,-7,SALE00214,USR002,9/10/2026 13:15
MOV00215,BR002,PRD054,BAT0108,RECEIVE,46,PO00215,USR001,29/9/2026 09:00
MOV00216,BR002,PRD054,BAT0108,SALE,-7,SALE00216,USR002,9/10/2026 13:15
MOV00217,BR001,PRD055,BAT0109,RECEIVE,48,PO00217,USR001,6/10/2026 09:00
MOV00218,BR001,PRD055,BAT0109,SALE,-4,SALE00218,USR002,9/10/2026 13:15
MOV00219,BR002,PRD055,BAT0110,RECEIVE,47,PO00219,USR001,8/10/2026 09:00
MOV00220,BR002,PRD055,BAT0110,SALE,-4,SALE00220,USR002,9/10/2026 13:15
MOV00221,BR001,PRD056,BAT0111,RECEIVE,42,PO00221,USR001,2/10/2026 09:00
MOV00222,BR001,PRD056,BAT0111,SALE,-4,SALE00222,USR002,9/10/2026 13:15
MOV00223,BR002,PRD056,BAT0112,RECEIVE,54,PO00223,USR001,4/10/2026 09:00
MOV00224,BR002,PRD056,BAT0112,SALE,-12,SALE00224,USR002,9/10/2026 13:15
MOV00225,BR001,PRD057,BAT0113,RECEIVE,44,PO00225,USR001,2/10/2026 09:00
MOV00226,BR001,PRD057,BAT0113,SALE,-4,SALE00226,USR002,9/10/2026 13:15
MOV00227,BR002,PRD057,BAT0114,RECEIVE,44,PO00227,USR001,5/10/2026 09:00
MOV00228,BR002,PRD057,BAT0114,SALE,-2,SALE00228,USR002,9/10/2026 13:15
MOV00229,BR001,PRD058,BAT0115,RECEIVE,46,PO00229,USR001,3/10/2026 09:00
MOV00230,BR001,PRD058,BAT0115,SALE,-5,SALE00230,USR002,9/10/2026 13:15
MOV00231,BR002,PRD058,BAT0116,RECEIVE,47,PO00231,USR001,5/10/2026 09:00
MOV00232,BR002,PRD058,BAT0116,SALE,-6,SALE00232,USR002,9/10/2026 13:15
MOV00233,BR001,PRD059,BAT0117,RECEIVE,38,PO00233,USR001,2/10/2026 09:00
MOV00234,BR001,PRD059,BAT0117,SALE,-2,SALE00234,USR002,9/10/2026 13:15
MOV00235,BR002,PRD059,BAT0118,RECEIVE,30,PO00235,USR001,4/10/2026 09:00
MOV00236,BR002,PRD059,BAT0118,SALE,-7,SALE00236,USR002,9/10/2026 13:15
MOV00237,BR001,PRD060,BAT0119,RECEIVE,42,PO00237,USR001,30/9/2026 09:00
MOV00238,BR001,PRD060,BAT0119,SALE,-7,SALE00238,USR002,9/10/2026 13:15
MOV00239,BR002,PRD060,BAT0120,RECEIVE,52,PO00239,USR001,7/10/2026 09:00
MOV00240,BR002,PRD060,BAT0120,SALE,-7,SALE00240,USR002,9/10/2026 13:15