request_item_id,request_id,product_id,requested_quantity
RQI0001,REQ0001,PRD003,12
RQI0002,REQ0001,PRD010,24
RQI0003,REQ0002,PRD006,12
RQI0004,REQ0002,PRD013,18
RQI0005,REQ0003,PRD009,6
RQI0006,REQ0003,PRD016,12
RQI0007,REQ0004,PRD012,36
RQI0008,REQ0004,PRD019,24
RQI0009,REQ0005,PRD015,12
RQI0010,REQ0005,PRD022,6
RQI0011,REQ0006,PRD018,24
RQI0012,REQ0006,PRD025,18
RQI0013,REQ0007,PRD021,18
RQI0014,REQ0007,PRD028,18
RQI0015,REQ0008,PRD024,18
RQI0016,REQ0008,PRD031,36
RQI0017,REQ0009,PRD027,24
RQI0018,REQ0009,PRD034,24
RQI0019,REQ0010,PRD030,24
RQI0020,REQ0010,PRD037,6
RQI0021,REQ0011,PRD033,36
RQI0022,REQ0011,PRD040,24
RQI0023,REQ0012,PRD036,24
RQI0024,REQ0012,PRD043,12