batch_id,branch_id,product_id,received_at,expiry_date,quantity_received,quantity_remaining
BAT0001,BR001,PRD001,4/10/2026 09:00,6/6/2027,30,18
BAT0002,BR002,PRD001,7/10/2026 09:00,6/6/2027,27,22
BAT0003,BR001,PRD002,29/9/2026 09:00,6/6/2027,50,38
BAT0004,BR002,PRD002,7/10/2026 09:00,6/6/2027,24,16
BAT0005,BR001,PRD003,30/9/2026 09:00,6/6/2027,27,22
BAT0006,BR002,PRD003,5/10/2026 09:00,6/6/2027,42,37
BAT0007,BR001,PRD004,8/10/2026 09:00,6/6/2027,42,33
BAT0008,BR002,PRD004,3/10/2026 09:00,6/6/2027,41,37
BAT0009,BR001,PRD005,3/10/2026 09:00,7/4/2027,25,19
BAT0010,BR002,PRD005,7/10/2026 09:00,7/4/2027,20,17
BAT0011,BR001,PRD006,29/9/2026 09:00,7/4/2027,49,42
BAT0012,BR002,PRD006,1/10/2026 09:00,7/4/2027,46,40
BAT0013,BR001,PRD007,7/10/2026 09:00,9/10/2027,28,18
BAT0014,BR002,PRD007,29/9/2026 09:00,9/10/2027,34,24
BAT0015,BR001,PRD008,8/10/2026 09:00,9/10/2027,42,37
BAT0016,BR002,PRD008,7/10/2026 09:00,9/10/2027,34,22
BAT0017,BR001,PRD009,2/10/2026 09:00,9/10/2027,47,42
BAT0018,BR002,PRD009,6/10/2026 09:00,9/10/2027,35,29
BAT0019,BR001,PRD010,4/10/2026 09:00,9/10/2027,33,26
BAT0020,BR002,PRD010,29/9/2026 09:00,9/10/2027,47,35
BAT0021,BR001,PRD011,6/10/2026 09:00,9/10/2027,32,20
BAT0022,BR002,PRD011,30/9/2026 09:00,9/10/2027,36,27
BAT0023,BR001,PRD012,8/10/2026 09:00,9/10/2027,41,36
BAT0024,BR002,PRD012,3/10/2026 09:00,9/10/2027,46,41
BAT0025,BR001,PRD013,5/10/2026 09:00,9/10/2027,31,23
BAT0026,BR002,PRD013,5/10/2026 09:00,9/10/2027,54,43
BAT0027,BR001,PRD014,1/10/2026 09:00,9/10/2027,42,30
BAT0028,BR002,PRD014,5/10/2026 09:00,9/10/2027,27,23
BAT0029,BR001,PRD015,29/9/2026 09:00,9/10/2027,42,32
BAT0030,BR002,PRD015,3/10/2026 09:00,9/10/2027,51,43
BAT0031,BR001,PRD016,7/10/2026 09:00,9/10/2027,24,19
BAT0032,BR002,PRD016,6/10/2026 09:00,9/10/2027,44,42
BAT0033,BR001,PRD017,29/9/2026 09:00,16/10/2026,32,20
BAT0034,BR002,PRD017,29/9/2026 09:00,16/10/2026,30,27
BAT0035,BR001,PRD018,30/9/2026 09:00,16/10/2026,40,31
BAT0036,BR002,PRD018,30/9/2026 09:00,16/10/2026,38,36
BAT0037,BR001,PRD019,7/10/2026 09:00,7/4/2027,45,39
BAT0038,BR002,PRD019,1/10/2026 09:00,7/4/2027,34,28
BAT0039,BR001,PRD020,30/9/2026 09:00,7/1/2027,47,45
BAT0040,BR002,PRD020,4/10/2026 09:00,7/1/2027,35,31
BAT0041,BR001,PRD021,6/10/2026 09:00,7/4/2027,43,31
BAT0042,BR002,PRD021,30/9/2026 09:00,7/4/2027,46,39
BAT0043,BR001,PRD022,29/9/2026 09:00,7/4/2027,54,44
BAT0044,BR002,PRD022,7/10/2026 09:00,7/4/2027,37,30
BAT0045,BR001,PRD023,5/10/2026 09:00,7/4/2027,50,43
BAT0046,BR002,PRD023,7/10/2026 09:00,7/4/2027,24,22
BAT0047,BR001,PRD024,30/9/2026 09:00,7/4/2027,50,41
BAT0048,BR002,PRD024,30/9/2026 09:00,7/4/2027,23,19
BAT0049,BR001,PRD025,5/10/2026 09:00,14/10/2026,27,23
BAT0050,BR002,PRD025,4/10/2026 09:00,14/10/2026,49,39
BAT0051,BR001,PRD026,1/10/2026 09:00,8/11/2026,44,36
BAT0052,BR002,PRD026,5/10/2026 09:00,8/11/2026,39,29
BAT0053,BR001,PRD027,8/10/2026 09:00,23/10/2026,22,17
BAT0054,BR002,PRD027,29/9/2026 09:00,23/10/2026,43,32
BAT0055,BR001,PRD028,8/10/2026 09:00,23/10/2026,20,15
BAT0056,BR002,PRD028,3/10/2026 09:00,23/10/2026,22,17
BAT0057,BR001,PRD029,4/10/2026 09:00,23/10/2026,34,31
BAT0058,BR002,PRD029,30/9/2026 09:00,23/10/2026,42,30
BAT0059,BR001,PRD030,5/10/2026 09:00,7/1/2027,42,38
BAT0060,BR002,PRD030,5/10/2026 09:00,7/1/2027,49,40
BAT0061,BR001,PRD031,3/10/2026 09:00,14/10/2026,21,18
BAT0062,BR002,PRD031,8/10/2026 09:00,14/10/2026,36,28
BAT0063,BR001,PRD032,8/10/2026 09:00,14/10/2026,47,35
BAT0064,BR002,PRD032,7/10/2026 09:00,14/10/2026,46,38
BAT0065,BR001,PRD033,30/9/2026 09:00,,26,21
BAT0066,BR002,PRD033,6/10/2026 09:00,,28,19
BAT0067,BR001,PRD034,7/10/2026 09:00,,35,29
BAT0068,BR002,PRD034,8/10/2026 09:00,,49,40
BAT0069,BR001,PRD035,7/10/2026 09:00,,44,32
BAT0070,BR002,PRD035,1/10/2026 09:00,,25,20
BAT0071,BR001,PRD036,8/10/2026 09:00,,30,21
BAT0072,BR002,PRD036,2/10/2026 09:00,,31,27
BAT0073,BR001,PRD037,4/10/2026 09:00,,50,44
BAT0074,BR002,PRD037,6/10/2026 09:00,,45,37
BAT0075,BR001,PRD038,8/10/2026 09:00,,29,24
BAT0076,BR002,PRD038,3/10/2026 09:00,,49,38
BAT0077,BR001,PRD039,30/9/2026 09:00,,18,16
BAT0078,BR002,PRD039,30/9/2026 09:00,,30,20
BAT0079,BR001,PRD040,7/10/2026 09:00,,45,42
BAT0080,BR002,PRD040,2/10/2026 09:00,,28,17
BAT0081,BR001,PRD041,29/9/2026 09:00,,48,45
BAT0082,BR002,PRD041,2/10/2026 09:00,,27,16
BAT0083,BR001,PRD042,4/10/2026 09:00,,45,33
BAT0084,BR002,PRD042,5/10/2026 09:00,,41,36
BAT0085,BR001,PRD043,4/10/2026 09:00,,33,27
BAT0086,BR002,PRD043,8/10/2026 09:00,,34,25
BAT0087,BR001,PRD044,7/10/2026 09:00,,43,34
BAT0088,BR002,PRD044,6/10/2026 09:00,,31,21
BAT0089,BR001,PRD045,5/10/2026 09:00,9/10/2027,50,43
BAT0090,BR002,PRD045,1/10/2026 09:00,9/10/2027,31,24
BAT0091,BR001,PRD046,29/9/2026 09:00,9/10/2027,47,37
BAT0092,BR002,PRD046,30/9/2026 09:00,9/10/2027,43,31
BAT0093,BR001,PRD047,6/10/2026 09:00,,50,44
BAT0094,BR002,PRD047,30/9/2026 09:00,,24,18
BAT0095,BR001,PRD048,29/9/2026 09:00,,27,23
BAT0096,BR002,PRD048,5/10/2026 09:00,,42,37
BAT0097,BR001,PRD049,30/9/2026 09:00,,47,35
BAT0098,BR002,PRD049,7/10/2026 09:00,,32,23
BAT0099,BR001,PRD050,8/10/2026 09:00,,40,28
BAT0100,BR002,PRD050,4/10/2026 09:00,,27,25
BAT0101,BR001,PRD051,30/9/2026 09:00,,42,38
BAT0102,BR002,PRD051,7/10/2026 09:00,,40,32
BAT0103,BR001,PRD052,30/9/2026 09:00,,48,45
BAT0104,BR002,PRD052,29/9/2026 09:00,,43,41
BAT0105,BR001,PRD053,6/10/2026 09:00,,29,19
BAT0106,BR002,PRD053,8/10/2026 09:00,,26,24
BAT0107,BR001,PRD054,7/10/2026 09:00,,28,21
BAT0108,BR002,PRD054,29/9/2026 09:00,,46,39
BAT0109,BR001,PRD055,6/10/2026 09:00,,48,44
BAT0110,BR002,PRD055,8/10/2026 09:00,,47,43
BAT0111,BR001,PRD056,2/10/2026 09:00,,42,38
BAT0112,BR002,PRD056,4/10/2026 09:00,,54,42
BAT0113,BR001,PRD057,2/10/2026 09:00,9/10/2027,44,40
BAT0114,BR002,PRD057,5/10/2026 09:00,9/10/2027,44,42
BAT0115,BR001,PRD058,3/10/2026 09:00,9/10/2027,46,41
BAT0116,BR002,PRD058,5/10/2026 09:00,9/10/2027,47,41
BAT0117,BR001,PRD059,2/10/2026 09:00,,38,36
BAT0118,BR002,PRD059,4/10/2026 09:00,,30,23
BAT0119,BR001,PRD060,30/9/2026 09:00,,42,35
BAT0120,BR002,PRD060,7/10/2026 09:00,,52,45